"state","year","median.house.price","upper.house.price","divorce.percent","separate.percent","highschool.percent","bachelor.percent","median.income","mean.income"
"Alabama",2006,"107000","174900","12.0","2.6","80.1","21.1","38783","53017"
"Alabama",2007,"115600","187700","11.8","2.4","80.4","21.4","40554","55552"
"Alabama",2008,"121500","200600","12.0","2.5","81.9","22","42666","57957"
"Alabama",2009,"119600","197200","12.0","2.8","82.1","22","40489","55543"
"Alabama",2010,"123900","202300","12.6","2.8","82.1","21.9","40474","55778"
"Alabama",2011,"122700","197800","12.4","2.7","82.7","22.3","41415","57208"
"Alabama",2012,"123200","200300","12.7","2.5","84.0","23.3","41574","57372"
"Alabama",2013,"122700","200500","12.5","2.6","84.5","23.5","42849","59294"
"Alabama",2014,"125600","207100","12.5","2.5","84.7","23.5","42830","59464"
"Alabama",2015,"134100","219600","12.6","2.5","84.9","24.2","44765","62307"
"Alaska",2006,"213200","301900","11.0","1.6","89.7","26.9","59393","73358"
"Alaska",2007,"231300","331500","11.5","2.0","90.5","26","64333","78765"
"Alaska",2008,"237800","337100","12.4","2.3","91.6","27.3","68460","83423"
"Alaska",2009,"232900","319700","11.7","2.1","91.4","26.6","66953","81471"
"Alaska",2010,"241400","335200","12.5","2.1","91.0","27.9","64576","81290"
"Alaska",2011,"238300","337800","12.4","2.1","91.8","26.4","67825","82665"
"Alaska",2012,"245100","338700","12.4","2.0","92.0","28.0","67712","84738"
"Alaska",2013,"254000","349800","10.8","1.7","91.6","28.0","72237","88758"
"Alaska",2014,"254500","349400","11.8","1.8","92.9","28.0","71583","89094"
"Alaska",2015,"259600","362700","11.5","2.0","92.6","29.7","73355","92876"
"Arizona",2006,"236500","376100","11.8","2.0","83.8","25.5","47265","64021"
"Arizona",2007,"237700","372700","12.4","1.9","83.5","25.3","49889","66132"
"Arizona",2008,"229200","349800","12.3","1.9","83.8","25.1","50958","68066"
"Arizona",2009,"187700","294700","12.2","1.9","84.2","25.6","48745","64591"
"Arizona",2010,"168800","270500","12.1","1.8","85.6","25.9","46789","62838"
"Arizona",2011,"153800","249500","12.6","2.0","85.7","26.6","46709","62927"
"Arizona",2012,"151500","251700","12.5","2.0","85.7","27.3","47826","64841"
"Arizona",2013,"166000","271900","12.5","1.9","85.9","27.4","48510","66389"
"Arizona",2014,"176700","291500","12.3","1.8","86.1","27.6","50068","68103"
"Arizona",2015,"194300","308400","12.8","1.7","86.1","27.7","51492","70638"
"Arkansas",2006,"93900","154300","12.4","2.4","80.5","18.2","36599","49322"
"Arkansas",2007,"101000","166200","11.8","2.4","81.1","19.3","38134","51748"
"Arkansas",2008,"105700","170700","12.5","2.4","82","18.8","38815","52592"
"Arkansas",2009,"102900","168200","12.6","2.6","82.4","18.9","37823","51324"
"Arkansas",2010,"106300","170700","12.8","2.6","82.9","19.5","38307","52382"
"Arkansas",2011,"106300","172500","13.4","2.4","83.8","20.3","38758","53204"
"Arkansas",2012,"107600","174300","13.3","2.3","84.8","21.0","40112","54116"
"Arkansas",2013,"109500","174000","13.3","2.3","84.4","20.6","40511","55547"
"Arkansas",2014,"112500","178700","12.9","2.5","85.3","21.4","41262","57693"
"Arkansas",2015,"120700","191200","13.2","2.1","85.4","21.8","41995","59275"
"California",2006,"535700","742700","9.6","2.5","80.1","29","56645","77386"
"California",2007,"532300","744000","9.5","2.5","80.2","29.5","59948","81939"
"California",2008,"467000","708800","9.7","2.3","80.2","29.6","61021","84275"
"California",2009,"384200","635100","9.6","2.3","80.6","29.9","58931","80819"
"California",2010,"370900","621100","9.6","2.3","80.7","30.1","57708","79465"
"California",2011,"355600","597500","9.7","2.4","81.1","30.3","57287","80848"
"California",2012,"349400","587600","9.8","2.4","81.5","30.9","58328","82159"
"California",2013,"373100","629000","9.7","2.3","81.7","31.0","60190","85707"
"California",2014,"412700","677300","9.6","2.2","82.1","31.7","61933","88595"
"California",2015,"449100","715500","9.5","2.2","82.2","32.3","64500","91757"
"Colorado",2006,"232900","351100","11.5","1.8","88","34.3","52015","69334"
"Colorado",2007,"233900","358600","12.3","1.7","88.9","35","55212","73037"
"Colorado",2008,"242200","369600","11.9","1.7","88.9","35.6","56993","76462"
"Colorado",2009,"237800","360900","11.3","1.7","89.3","35.9","55430","73605"
"Colorado",2010,"236600","359700","11.8","1.8","89.7","36.4","54046","72423"
"Colorado",2011,"233700","352900","11.9","1.7","90.2","36.7","55387","74852"
"Colorado",2012,"234900","357200","12.4","1.7","90.6","37.5","56765","76489"
"Colorado",2013,"240500","366000","12.2","1.6","90.5","37.8","58823","79381"
"Colorado",2014,"255200","383800","12.2","1.6","90.5","38.3","61303","82295"
"Colorado",2015,"283800","417000","12.0","1.4","91.2","39.2","63909","85915"
"Connecticut",2006,"298900","453500","9.6","1.6","88","33.7","63422","87856"
"Connecticut",2007,"309200","460700","9.6","1.5","88","34.7","65967","92686"
"Connecticut",2008,"306000","456900","10.0","1.4","88.6","35.6","68595","95881"
"Connecticut",2009,"291200","436300","10.4","1.5","88.6","35.6","67034","92807"
"Connecticut",2010,"288800","425800","10.9","1.5","88.6","35.5","64032","90074"
"Connecticut",2011,"278700","413200","10.7","1.6","89.1","36.2","65753","92248"
"Connecticut",2012,"267800","393600","10.6","1.4","89.9","37.1","67276","94796"
"Connecticut",2013,"267000","399000","10.8","1.3","89.7","37.2","67098","97801"
"Connecticut",2014,"267200","397400","11.1","1.2","90.1","38.0","70048","100948"
"Connecticut",2015,"270900","408600","10.7","1.3","90.2","38.3","71346","101347"
"Delaware",2006,"227100","347800","10.9","2.4","85.5","27","52833","68473"
"Delaware",2007,"239700","361700","10.3","1.6","87.4","26.1","54610","71070"
"Delaware",2008,"250900","359700","10.9","1.7","87.2","27.5","57989","75833"
"Delaware",2009,"249400","348600","10.9","2.2","87.4","28.7","56860","73308"
"Delaware",2010,"243600","347500","10.8","2.0","87.7","27.8","55847","72550"
"Delaware",2011,"236900","335000","11.3","1.9","87.0","28.8","58814","76400"
"Delaware",2012,"226900","316400","11.8","2.0","88.5","29.5","58415","74460"
"Delaware",2013,"226200","325100","11.7","1.8","88.3","29.8","57846","76995"
"Delaware",2014,"230500","334700","12.2","1.5","89.0","30.6","59716","78773"
"Delaware",2015,"240200","344700","11.2","1.7","88.9","30.9","61255","81120"
"District of Columbia",2006,"437700","701700","9.0","3.4","84.3","45.9","51847","81991"
"District of Columbia",2007,"450900","721200","9.7","3.7","85.7","47.5","54317","88335"
"District of Columbia",2008,"474100","727100","10.0","3.0","85.8","48.2","57936","93118"
"District of Columbia",2009,"443700","715300","9.8","2.9","87.1","48.5","59290","92068"
"District of Columbia",2010,"426900","712700","9.7","2.8","87.4","50.1","60903","92959"
"District of Columbia",2011,"422400","721800","9.4","2.4","87.2","52.5","63124","98177"
"District of Columbia",2012,"460700","734100","9.2","2.1","88.6","53.0","66583","102160"
"District of Columbia",2013,"470500","776200","10.0","2.5","90.1","55.1","67572","102882"
"District of Columbia",2014,"486900","771500","9.0","2.5","90.2","55.0","71648","103525"
"District of Columbia",2015,"551300","852700","8.8","2.2","89.8","56.7","75628","114600"
"Florida",2006,"230600","372600","12.0","2.4","84.5","25.3","45495","62637"
"Florida",2007,"230400","367900","12.3","2.3","84.9","25.8","47804","66414"
"Florida",2008,"218700","337900","12.4","2.4","85.2","25.8","47778","66493"
"Florida",2009,"182400","288200","12.5","2.4","85.3","25.3","44736","62441"
"Florida",2010,"164200","264400","13.1","2.6","85.5","25.8","44409","61877"
"Florida",2011,"151000","246800","12.9","2.6","85.9","25.8","44299","63006"
"Florida",2012,"148200","243600","13.2","2.5","86.5","26.8","45040","64229"
"Florida",2013,"153300","256100","13.1","2.5","86.8","27.2","46036","65728"
"Florida",2014,"162700","273300","13.0","2.4","87.2","27.3","47463","67510"
"Florida",2015,"179800","298000","13.2","2.4","87.6","28.4","49426","70462"
"Georgia",2006,"156800","240600","11.5","2.5","82.2","26.6","46832","62744"
"Georgia",2007,"164500","252200","11.4","2.4","82.9","27.1","49136","66521"
"Georgia",2008,"169100","268700","11.3","2.4","83.9","27.5","50861","68850"
"Georgia",2009,"162800","257400","11.3","2.5","83.9","27.5","47590","64461"
"Georgia",2010,"156200","244400","11.3","2.5","84.3","27.3","46430","62967"
"Georgia",2011,"147100","234700","11.4","2.7","84.3","27.6","46007","63554"
"Georgia",2012,"142300","230900","11.4","2.6","85.0","28.2","47209","65623"
"Georgia",2013,"141600","233900","11.7","2.4","85.5","28.3","47829","67134"
"Georgia",2014,"147900","245700","11.3","2.4","85.6","29.1","49321","68820"
"Georgia",2015,"159300","263800","11.3","2.2","86.1","29.9","51244","71555"
"Hawaii",2006,"529700","734700","9.4","1.2","89","29.7","61160","77805"
"Hawaii",2007,"555400","746300","9.3","1.6","89.4","29.2","63746","79749"
"Hawaii",2008,"560200","748500","9.1","1.2","90.3","29.1","67214","83522"
"Hawaii",2009,"517600","720900","9.2","1.5","90.4","29.6","64098","79329"
"Hawaii",2010,"525400","731300","10.1","1.5","89.9","29.5","63030","79560"
"Hawaii",2011,"487400","703000","9.4","1.4","90.6","29.1","61821","78802"
"Hawaii",2012,"496600","709400","9.5","1.5","90.4","30.1","66259","81812"
"Hawaii",2013,"500000","728900","9.4","1.4","91.0","31.2","68020","86783"
"Hawaii",2014,"528000","743200","9.6","1.2","91.7","31.0","69592","86866"
"Hawaii",2015,"566900","791200","9.5","1.4","90.9","31.4","73486","92496"
"Idaho",2006,"163900","245500","12.0","1.4","87.3","23.3","42865","54659"
"Idaho",2007,"178100","278000","11.4","1.2","88.4","24.5","46253","60595"
"Idaho",2008,"183700","278200","11.7","1.3","87.9","24","47576","59429"
"Idaho",2009,"171700","255900","11.1","1.8","88.4","23.9","44926","56859"
"Idaho",2010,"165100","245300","12.0","1.5","88.3","24.4","43490","56086"
"Idaho",2011,"158800","233200","12.4","1.2","88.6","25.2","43341","56222"
"Idaho",2012,"154500","233600","12.5","1.3","89.8","25.5","45489","58716"
"Idaho",2013,"159000","240800","12.3","1.2","89.4","26.2","46783","60665"
"Idaho",2014,"165300","247700","11.8","1.4","90.1","25.0","47861","64115"
"Idaho",2015,"176300","271200","12.0","1.4","90","26","48275","63921"
"Illinois",2006,"200200","333300","9.3","1.9","85","28.9","52006","69647"
"Illinois",2007,"208800","344200","9.5","1.8","85.7","29.5","54124","73275"
"Illinois",2008,"214900","343300","9.5","1.7","85.9","29.9","56235","75744"
"Illinois",2009,"202200","319700","9.7","1.7","86.4","30.6","53966","73373"
"Illinois",2010,"191800","303400","10.0","1.8","86.9","30.8","52972","72022"
"Illinois",2011,"178500","286100","10.0","1.8","87.2","31.0","53234","73068"
"Illinois",2012,"170600","276700","10.0","1.8","87.6","31.6","55137","75201"
"Illinois",2013,"169600","277100","9.7","1.7","87.8","32.1","56210","78009"
"Illinois",2014,"171900","285400","10.0","1.7","88.2","32.8","57444","79379"
"Illinois",2015,"180300","296500","9.7","1.7","88.6","32.9","59588","82699"
"Indiana",2006,"120700","171800","12.1","1.6","85.2","21.7","45394","57601"
"Indiana",2007,"122900","176300","12.1","1.5","85.8","22.1","47448","60139"
"Indiana",2008,"125200","186000","12.3","1.5","86.2","22.9","47966","61739"
"Indiana",2009,"123100","182300","12.0","1.5","86.6","22.5","45424","58671"
"Indiana",2010,"123300","183700","12.3","1.5","87.0","22.7","44613","58451"
"Indiana",2011,"122400","181000","12.5","1.6","87.3","23.0","46438","60278"
"Indiana",2012,"122700","183100","12.7","1.4","87.6","23.4","46974","61272"
"Indiana",2013,"122200","185200","12.7","1.5","87.6","23.8","47529","63249"
"Indiana",2014,"124300","189700","12.9","1.5","88.4","24.7","49446","64422"
"Indiana",2015,"131000","197800","12.8","1.4","88.2","24.9","50532","67065"
"Iowa",2006,"112600","168300","10.0","1.2","88.9","24","44491","56260"
"Iowa",2007,"117900","174700","9.8","1.3","89.6","24.3","47292","59451"
"Iowa",2008,"120700","182600","10.2","1.1","90.3","24.3","48980","61865"
"Iowa",2009,"122000","185900","10.3","1.1","90.5","25.1","48044","61232"
"Iowa",2010,"123400","187900","10.5","1.3","90.6","24.9","47961","60901"
"Iowa",2011,"123400","189200","10.8","1.3","90.6","25.8","49427","62876"
"Iowa",2012,"126300","192100","11.4","1.3","91.6","26.3","50957","64524"
"Iowa",2013,"126900","193900","10.7","1.4","91.6","26.4","52229","68075"
"Iowa",2014,"133100","205600","10.6","1.1","92.1","27.7","53712","69618"
"Iowa",2015,"136100","208800","10.8","1.3","91.7","26.8","54736","70036"
"Kansas",2006,"114400","177700","11.0","1.4","88.5","28.6","45478","59270"
"Kansas",2007,"121200","187900","11.1","1.4","89.1","28.8","47451","63035"
"Kansas",2008,"125700","195500","11.2","1.3","89.5","29.6","50177","65446"
"Kansas",2009,"125500","195300","11.5","1.4","89.7","29.5","47817","63062"
"Kansas",2010,"127300","195900","11.6","1.5","89.2","29.8","48257","63094"
"Kansas",2011,"128300","198100","11.7","1.5","90.0","30.1","48964","64545"
"Kansas",2012,"130100","199700","12.2","1.6","90.2","30.4","50241","66618"
"Kansas",2013,"129700","201500","11.4","1.4","90.1","31.1","50972","68827"
"Kansas",2014,"132100","211200","11.6","1.3","90.3","31.5","52504","71045"
"Kansas",2015,"141200","222200","11.3","1.3","90.3","31.7","53906","73069"
"Kentucky",2006,"111000","171200","12.7","2.1","79.6","20","39372","52037"
"Kentucky",2007,"114300","175600","12.5","2.2","80.1","20","40267","54376"
"Kentucky",2008,"118400","185500","12.5","2.1","81.3","19.7","41538","55756"
"Kentucky",2009,"117800","184100","12.0","2.1","81.7","21","40072","54068"
"Kentucky",2010,"121600","187100","13.0","2.3","81.9","20.5","40062","54320"
"Kentucky",2011,"120600","188100","13.2","2.4","83.1","21.1","41141","56104"
"Kentucky",2012,"120800","187600","13.2","2.2","83.8","21.8","41724","56738"
"Kentucky",2013,"120900","191300","13.1","2.3","84.1","22.6","43399","59323"
"Kentucky",2014,"123800","194900","13.1","2.3","84.5","22.2","42958","59057"
"Kentucky",2015,"130000","200300","13.5","2.2","85.1","23.3","45215","62596"
"Louisiana",2006,"114700","180600","11.0","2.5","79.4","20.3","39337","53650"
"Louisiana",2007,"126800","197200","11.0","2.6","79.9","20.4","40926","56710"
"Louisiana",2008,"132400","207600","11.6","2.7","81.2","20.3","43733","60616"
"Louisiana",2009,"135400","206100","11.3","2.8","82.2","21.4","42492","59019"
"Louisiana",2010,"137500","212700","12.1","2.7","81.9","21.4","42505","59116"
"Louisiana",2011,"139400","212800","12.0","2.8","82.5","21.1","41734","58822"
"Louisiana",2012,"139500","215300","12.3","2.9","83.0","22.0","42944","60911"
"Louisiana",2013,"140300","219700","12.2","2.8","83.1","22.5","44164","63132"
"Louisiana",2014,"143600","221700","12.0","2.7","83.6","22.9","44555","63728"
"Louisiana",2015,"155600","236900","12.0","2.5","84.6","23.2","45727","64895"
"Maine",2006,"170500","258300","12.4","1.1","88.7","25.8","43439","54788"
"Maine",2007,"176000","269000","12.4","1.4","89.4","26.7","45888","59238"
"Maine",2008,"180200","275500","13.6","1.1","89.7","25.4","46581","59598"
"Maine",2009,"177500","267700","12.7","1.1","90.2","26.9","45734","58352"
"Maine",2010,"179100","266600","13.8","1.4","90.3","26.8","45815","59300"
"Maine",2011,"171600","261600","13.7","1.2","90.9","28.4","46033","60800"
"Maine",2012,"172300","263500","14.2","1.2","91.6","28.0","46709","61137"
"Maine",2013,"172800","264100","14.6","0.9","91.8","28.2","46974","62579"
"Maine",2014,"174800","269600","14.6","1.0","91.7","29.4","49462","65842"
"Maine",2015,"180300","273600","13.9","1.2","91.7","30.1","51494","67135"
"Maryland",2006,"334700","489500","9.5","3.0","87.1","35.1","65144","83367"
"Maryland",2007,"347000","497600","9.4","2.7","87.4","35.2","68080","88541"
"Maryland",2008,"341200","486100","9.8","2.7","88","35.2","70545","90303"
"Maryland",2009,"318600","458600","9.6","2.5","88.2","35.7","69272","90879"
"Maryland",2010,"301400","443200","9.4","2.6","88.1","36.1","68854","89563"
"Maryland",2011,"287100","425800","10.3","2.7","88.9","36.9","70004","90925"
"Maryland",2012,"279900","418600","10.1","2.6","89.1","36.9","71122","92805"
"Maryland",2013,"280200","419400","10.0","2.4","89.1","37.4","72483","96032"
"Maryland",2014,"288500","436300","10.0","2.5","89.6","38.2","73971","97016"
"Maryland",2015,"299800","445400","10.1","2.3","89.6","38.8","75847","99957"
"Massachusetts",2006,"370400","507300","8.9","2.1","87.9","37","59963","78264"
"Massachusetts",2007,"366400","504800","9.1","1.8","88.4","37.9","62365","83337"
"Massachusetts",2008,"353600","488800","9.1","1.9","88.7","38.1","65401","87534"
"Massachusetts",2009,"338500","470300","9.6","2.0","89","38.2","64081","85514"
"Massachusetts",2010,"334100","466800","9.6","2.0","89.1","39.0","62072","84005"
"Massachusetts",2011,"326300","457400","9.5","2.0","89.2","39.1","62859","86009"
"Massachusetts",2012,"323800","462000","10.1","2.0","89.7","39.3","65339","89273"
"Massachusetts",2013,"327200","470300","9.5","1.9","89.9","40.3","66768","91842"
"Massachusetts",2014,"338900","487600","9.5","1.9","89.7","41.2","69160","95404"
"Massachusetts",2015,"352100","505000","9.7","1.7","90.2","41.5","70628","97586"
"Michigan",2006,"153300","225900","11.2","1.5","87.2","24.5","47182","61248"
"Michigan",2007,"153100","225200","11.1","1.5","87.4","24.7","47950","62922"
"Michigan",2008,"151300","225800","11.2","1.4","88.1","24.7","48591","64103"
"Michigan",2009,"132200","202000","11.3","1.5","87.9","24.6","45255","60102"
"Michigan",2010,"123300","192000","11.6","1.5","88.7","25.2","45413","59772"
"Michigan",2011,"118100","185900","11.5","1.5","88.8","25.6","45981","61926"
"Michigan",2012,"115700","185800","11.8","1.5","89.2","26.0","46859","63031"
"Michigan",2013,"117500","191600","11.8","1.5","89.4","26.9","48273","65134"
"Michigan",2014,"125700","205800","11.8","1.4","89.9","27.4","49847","66794"
"Michigan",2015,"137500","221300","11.5","1.3","90.1","27.8","51084","69492"
"Minnesota",2006,"208200","299000","9.3","1.2","90.7","30.4","54023","68637"
"Minnesota",2007,"213600","311700","9.5","1.2","91","31","55802","71821"
"Minnesota",2008,"213800","300900","9.7","1.0","91.6","31.5","57288","74789"
"Minnesota",2009,"200400","288900","9.7","1.1","91.5","31.5","55616","71342"
"Minnesota",2010,"194300","282200","9.7","1.1","91.8","31.8","55459","71345"
"Minnesota",2011,"183500","270600","9.8","1.2","92.0","32.4","56954","73578"
"Minnesota",2012,"178400","267700","10.2","1.1","92.5","33.2","58906","76261"
"Minnesota",2013,"180100","272800","10.1","1.2","92.4","33.5","60702","78537"
"Minnesota",2014,"188300","282600","10.2","1.1","92.6","34.3","61481","81824"
"Minnesota",2015,"200000","296100","10.2","1.1","92.8","34.7","63488","83488"
"Mississippi",2006,"88600","151400","10.7","3.3","77.9","18.8","34473","47501"
"Mississippi",2007,"96000","162800","10.7","2.9","78.5","18.9","36338","51022"
"Mississippi",2008,"99700","170600","11.3","3.0","79.9","19.4","37790","52617"
"Mississippi",2009,"98000","169800","11.3","3.1","80.4","19.6","36646","50306"
"Mississippi",2010,"100100","169500","12.0","3.0","81.0","19.5","36851","50591"
"Mississippi",2011,"99900","168200","11.5","3.2","81.1","19.8","36919","51355"
"Mississippi",2012,"99800","169400","11.9","3.2","82.3","20.7","37095","52677"
"Mississippi",2013,"97500","171300","11.9","3.1","82.4","20.4","37963","52780"
"Mississippi",2014,"104000","173700","12.1","3.2","82.8","21.1","39680","54887"
"Mississippi",2015,"112700","183800","11.7","2.9","83.5","20.8","40593","55495"
"Missouri",2006,"131900","198700","11.7","2.0","84.8","24.3","42841","56711"
"Missouri",2007,"138600","207900","11.7","2.1","85.6","24.5","45114","59498"
"Missouri",2008,"141500","216200","11.7","2.0","86.5","25","46867","61844"
"Missouri",2009,"139700","213100","11.8","2.0","86.8","25.2","45229","59707"
"Missouri",2010,"139000","212200","11.9","2.0","86.9","25.6","44301","59525"
"Missouri",2011,"136900","208600","12.0","1.9","87.6","26.1","45247","61431"
"Missouri",2012,"135000","208200","12.5","2.0","88.0","26.4","45321","61301"
"Missouri",2013,"133200","207500","12.2","1.8","88.7","27.0","46931","63241"
"Missouri",2014,"138500","217400","12.4","2.0","88.9","27.5","48363","65169"
"Missouri",2015,"147800","229200","12.4","1.8","88.9","27.8","50238","68065"
"Montana",2006,"155500","240200","11.6","1.3","90.1","27.4","40627","51213"
"Montana",2007,"170000","271600","12.2","1.4","90","27","43531","56165"
"Montana",2008,"180300","287000","12.3","1.2","90.9","27.1","43654","57966"
"Montana",2009,"176300","278400","12.5","1.4","90.8","27.4","42322","54472"
"Montana",2010,"181200","275200","12.4","1.6","91.7","28.8","42666","56266"
"Montana",2011,"184100","280100","12.7","1.2","92.3","28.2","44222","56992"
"Montana",2012,"184800","279500","12.3","1.3","92.8","29.4","45076","59991"
"Montana",2013,"190100","287300","12.9","1.5","92.7","29.0","46972","62831"
"Montana",2014,"196800","292300","12.7","1.6","92.6","29.3","46328","62309"
"Montana",2015,"209500","305600","13.0","1.2","93.5","30.6","49509","66110"
"Nebraska",2006,"119200","170900","9.8","1.3","89.5","26.9","45474","57636"
"Nebraska",2007,"122200","175600","9.7","1.2","89.6","27.5","47085","59801"
"Nebraska",2008,"126500","180600","10.4","1.2","90.1","27.1","49693","62626"
"Nebraska",2009,"123300","175900","9.8","1.4","89.8","27.4","47357","61318"
"Nebraska",2010,"127600","183900","10.5","1.5","90.4","28.6","48408","61630"
"Nebraska",2011,"127400","187700","10.7","1.3","91.0","27.9","50296","65532"
"Nebraska",2012,"128300","189100","10.4","1.2","90.5","29.0","50723","65121"
"Nebraska",2013,"132700","196300","10.4","1.4","90.2","29.4","51440","67854"
"Nebraska",2014,"133800","200200","10.7","1.3","90.3","29.5","52686","68359"
"Nebraska",2015,"141600","214600","10.6","1.3","91","30.2","54996","72308"
"Nevada",2006,"315200","436500","13.3","2.2","83.9","20.8","52998","68277"
"Nevada",2007,"311300","433700","13.5","2.3","83.7","21.8","55062","72518"
"Nevada",2008,"271500","385500","14.2","2.1","83.5","21.9","56361","72233"
"Nevada",2009,"207600","301800","13.7","2.3","83.9","21.8","53341","68626"
"Nevada",2010,"174800","272400","13.6","2.4","84.7","21.7","51001","66630"
"Nevada",2011,"158000","247200","14.0","2.7","84.0","22.5","48927","65720"
"Nevada",2012,"150700","232600","14.6","2.4","84.9","22.4","49760","66044"
"Nevada",2013,"165300","257200","13.6","2.5","85.2","22.5","51230","67949"
"Nevada",2014,"192100","291800","14.2","2.2","85.1","23.1","51450","67029"
"Nevada",2015,"221400","328400","14.2","2.4","85.6","23.6","52431","70576"
"New Hampshire",2006,"253200","362700","11.1","1.4","89.9","31.9","59683","72960"
"New Hampshire",2007,"261800","367100","11.4","1.3","90.5","32.5","62369","78062"
"New Hampshire",2008,"264700","365600","11.3","1.0","90.9","33.3","63731","79659"
"New Hampshire",2009,"249700","340700","11.9","1.1","91.3","32","60567","77008"
"New Hampshire",2010,"243000","333800","12.2","1.3","91.5","32.8","61042","77323"
"New Hampshire",2011,"237500","325200","11.8","1.3","91.4","33.4","62647","79706"
"New Hampshire",2012,"236000","324500","12.3","1.3","91.8","34.6","63280","80571"
"New Hampshire",2013,"233300","326700","12.1","1.4","92.8","34.6","64230","82393"
"New Hampshire",2014,"236400","329900","12.2","1.1","92.2","35.0","66532","86622"
"New Hampshire",2015,"244500","342800","12.4","1.1","93.1","35.7","70303","89735"
"New Jersey",2006,"366600","522400","8.2","2.3","86.1","33.4","64470","85659"
"New Jersey",2007,"372300","529800","8.2","2.2","87","33.9","67035","90463"
"New Jersey",2008,"364100","512200","8.2","2.0","87.4","34.4","70378","93872"
"New Jersey",2009,"348300","488100","8.3","2.0","87.4","34.5","68342","91907"
"New Jersey",2010,"339200","476500","8.5","2.0","88.0","35.4","67681","90882"
"New Jersey",2011,"324900","462400","8.6","2.1","88.1","35.3","67458","91868"
"New Jersey",2012,"311600","450800","8.6","2.0","88.3","36.2","69667","94083"
"New Jersey",2013,"307700","454600","8.7","2.0","88.5","36.6","70165","96963"
"New Jersey",2014,"313200","458900","8.5","2.0","89.1","37.4","71919","99055"
"New Jersey",2015,"322600","472400","8.5","1.8","89.1","37.6","72222","101061"
"New Mexico",2006,"141200","231100","11.9","1.9","81.5","25.3","40629","54273"
"New Mexico",2007,"155400","243300","12.7","2.0","82.3","24.8","41452","56170"
"New Mexico",2008,"165100","262500","12.4","2.0","82.4","24.7","43508","59357"
"New Mexico",2009,"160900","249000","12.0","1.9","82.8","25.3","43028","57447"
"New Mexico",2010,"161200","252400","13.0","2.1","83.3","25.0","42090","57655"
"New Mexico",2011,"159000","249900","13.4","1.9","83.2","25.6","41963","59314"
"New Mexico",2012,"157500","244000","13.1","1.8","84.4","26.1","42558","59281"
"New Mexico",2013,"159200","244000","12.4","2.0","84.3","26.4","43872","60600"
"New Mexico",2014,"158400","248500","12.3","1.9","84.2","26.4","44803","61470"
"New Mexico",2015,"164100","257200","13.1","1.8","84.6","26.5","45382","62747"
"New York",2006,"303400","527400","8.4","3.0","84.1","31.2","51384","73384"
"New York",2007,"311000","549400","8.2","3.0","84.1","31.7","53514","77865"
"New York",2008,"318900","551300","8.4","2.7","84.1","31.9","56033","81663"
"New York",2009,"306000","516700","8.5","2.8","84.7","32.4","54659","79947"
"New York",2010,"296500","494600","8.5","2.7","84.9","32.5","54148","78726"
"New York",2011,"285300","481800","8.7","2.8","85.0","32.9","55246","80244"
"New York",2012,"280900","474700","8.8","2.8","85.3","33.4","56448","81441"
"New York",2013,"277600","476800","8.7","2.6","85.6","34.1","57369","84973"
"New York",2014,"279100","484100","8.7","2.5","85.7","34.5","58878","86563"
"New York",2015,"293500","502700","8.9","2.5","86","35","60850","89908"
"North Carolina",2006,"137200","213700","10.1","3.3","82","24.8","42625","57184"
"North Carolina",2007,"145700","230400","10.1","3.0","83","25.6","44670","60672"
"North Carolina",2008,"154500","248200","10.3","3.2","83.6","26.1","46549","63005"
"North Carolina",2009,"155500","245600","10.2","3.1","84.3","26.5","43674","59700"
"North Carolina",2010,"154200","245900","10.9","3.2","84.7","26.5","43326","59053"
"North Carolina",2011,"153700","242500","10.6","3.3","84.7","26.9","43916","60939"
"North Carolina",2012,"150100","239200","10.8","3.2","85.2","27.4","45150","61807"
"North Carolina",2013,"154300","243800","10.9","3.0","85.7","28.4","45906","64106"
"North Carolina",2014,"155000","247700","10.9","3.0","86.4","28.7","46556","65099"
"North Carolina",2015,"160100","259500","11.1","2.9","86.6","29.4","47830","67516"
"North Dakota",2006,"99700","151500","8.6","0.7","88.1","25.6","41919","53085"
"North Dakota",2007,"106800","163000","8.0","1.1","89","25.7","43753","56113"
"North Dakota",2008,"112500","170800","8.1","0.6","89.6","26.9","45685","61178"
"North Dakota",2009,"116800","172600","8.1","1.0","90.1","25.8","47827","62268"
"North Dakota",2010,"123000","182000","9.3","0.7","90.3","27.6","48670","61289"
"North Dakota",2011,"128600","192500","9.6","0.8","90.7","26.3","51704","66005"
"North Dakota",2012,"142500","219500","9.7","0.9","91.7","27.9","53585","72495"
"North Dakota",2013,"155400","235900","9.4","1.0","91.5","27.1","55759","73806"
"North Dakota",2014,"161800","251200","9.4","0.8","92.2","27.4","59029","79136"
"North Dakota",2015,"180900","276900","9.6","0.9","92.5","29.1","60557","81460"
"Ohio",2006,"135200","194200","11.6","1.8","86.2","23","44532","58356"
"Ohio",2007,"137800","199000","11.6","1.8","87.1","24.1","46597","60917"
"Ohio",2008,"140200","205000","11.8","1.8","87.6","24.1","47988","62728"
"Ohio",2009,"134600","197100","11.9","1.9","87.6","24.1","45395","59894"
"Ohio",2010,"134400","197600","11.9","1.9","88.1","24.6","45090","59654"
"Ohio",2011,"129600","192900","12.2","1.9","88.3","24.7","45749","61204"
"Ohio",2012,"127600","192700","12.5","1.8","88.8","25.2","46829","62775"
"Ohio",2013,"127000","193600","12.1","1.8","89.0","26.1","48081","65129"
"Ohio",2014,"129100","198000","12.3","1.7","89.4","26.6","49308","66252"
"Ohio",2015,"136400","210100","12.2","1.8","89.7","26.8","51075","68880"
"Oklahoma",2006,"94500","148300","12.8","2.2","84.3","22.1","38770","52419"
"Oklahoma",2007,"103000","160700","12.8","2.1","84.8","22.8","41567","56520"
"Oklahoma",2008,"105500","165500","12.9","2.0","85.5","22.2","42822","57894"
"Oklahoma",2009,"107700","167500","12.6","2.2","85.6","22.7","41664","56793"
"Oklahoma",2010,"111400","171700","13.1","2.2","86.2","22.9","42072","56533"
"Oklahoma",2011,"112600","174400","13.3","2.1","86.3","23.8","43225","58515"
"Oklahoma",2012,"114300","175600","13.5","2.2","86.7","23.8","44312","60298"
"Oklahoma",2013,"116500","179700","13.4","2.1","86.7","23.8","45690","62014"
"Oklahoma",2014,"119800","186900","13.3","2.1","87.3","24.2","47529","64584"
"Oklahoma",2015,"126800","198800","13.3","2.0","87.3","24.6","48568","66260"
"Oregon",2006,"236600","365800","12.8","1.9","87.6","27.5","46230","60331"
"Oregon",2007,"257300","392000","12.6","1.8","88","28.3","48730","63056"
"Oregon",2008,"273300","391500","12.8","1.8","88.6","28.1","50169","65292"
"Oregon",2009,"257400","374500","12.4","1.9","89.1","29.2","48457","62964"
"Oregon",2010,"244500","356500","13.4","1.7","88.8","28.8","46560","61552"
"Oregon",2011,"232900","346000","12.9","1.8","89.4","29.3","46816","62778"
"Oregon",2012,"223900","335300","13.4","1.9","89.9","29.9","49161","64918"
"Oregon",2013,"229700","343900","13.1","1.9","89.7","30.7","50251","67494"
"Oregon",2014,"239800","357900","13.5","1.8","89.7","30.8","51075","69210"
"Oregon",2015,"264100","384700","13.2","1.8","90","32.2","54148","73144"
"Pennsylvania",2006,"145200","237800","9.0","2.2","86.2","25.4","46259","61319"
"Pennsylvania",2007,"155000","247700","9.2","2.2","86.8","25.8","48576","65102"
"Pennsylvania",2008,"164700","269400","9.2","2.2","87.5","26.3","50713","67459"
"Pennsylvania",2009,"164700","264200","9.1","2.2","87.9","26.4","49520","66493"
"Pennsylvania",2010,"165500","265700","9.4","2.4","88.4","27.1","49288","65878"
"Pennsylvania",2011,"164800","260200","9.4","2.3","88.6","27.0","50228","67298"
"Pennsylvania",2012,"163800","258600","9.5","2.2","88.9","27.8","51230","69340"
"Pennsylvania",2013,"164200","261800","9.7","2.2","89.2","28.7","52007","71597"
"Pennsylvania",2014,"165400","264300","9.6","2.2","89.4","29.0","53234","73112"
"Pennsylvania",2015,"170600","273900","9.7","2.2","89.7","29.7","55702","75981"
"Puerto Rico",2006,"98700","151600","11.3","3.8","66.1","20.7","17621","27499"
"Puerto Rico",2007,"104400","160200","12.1","3.9","66.4","21.2","17741","28056"
"Puerto Rico",2008,"122000","181700","12.8","3.4","67","21.2","18401","28931"
"Puerto Rico",2009,"118500","168900","13.0","3.3","68.5","21.4","18314","28431"
"Puerto Rico",2010,"120300","172100","13.1","3.0","69.5","22.3","18862","29365"
"Puerto Rico",2011,"120300","168900","13.5","3.2","71.1","23.3","18660","28865"
"Puerto Rico",2012,"127300","179900","13.8","3.0","72.6","24.2","19429","29540"
"Puerto Rico",2013,"119900","170300","13.2","2.9","72.9","24.2","19183","30247"
"Puerto Rico",2014,"120800","169600","13.9","2.7","73.8","24.4","18928","29976"
"Puerto Rico",2015,"114100","162400","14.0","2.8","74.7","24.8","18626","30545"
"Rhode Island",2006,"295700","398800","10.5","1.7","82.4","29.6","51814","66196"
"Rhode Island",2007,"292800","396700","10.6","1.7","83","29.8","53568","70208"
"Rhode Island",2008,"286000","393700","11.0","2.2","83.7","30","55701","72678"
"Rhode Island",2009,"267100","368700","10.4","2.0","84.7","30.5","54119","71442"
"Rhode Island",2010,"254500","360800","11.7","2.0","83.5","30.2","52254","69840"
"Rhode Island",2011,"245500","350700","11.4","1.9","84.8","31.1","53636","72229"
"Rhode Island",2012,"234600","332600","11.5","1.8","86.1","31.4","54554","72656"
"Rhode Island",2013,"232300","341800","11.1","1.9","85.9","32.4","55902","76820"
"Rhode Island",2014,"236000","342300","11.4","1.8","85.8","30.4","54891","77146"
"Rhode Island",2015,"241000","353700","11.5","1.8","87.7","32.7","58073","78295"
"South Carolina",2006,"122400","197900","9.9","3.6","81.3","22.7","41100","55128"
"South Carolina",2007,"133900","218800","10.0","3.5","82.1","23.5","43329","58011"
"South Carolina",2008,"138700","235000","10.1","3.2","83.2","23.7","44625","59942"
"South Carolina",2009,"137500","228500","10.0","3.2","83.6","24.3","42442","57062"
"South Carolina",2010,"138100","227500","10.4","3.5","84.1","24.5","42018","56365"
"South Carolina",2011,"136000","225300","10.1","3.6","84.2","24.1","42367","57552"
"South Carolina",2012,"135500","221100","10.7","3.4","84.9","25.1","43107","59042"
"South Carolina",2013,"139200","226900","10.8","3.4","85.6","26.1","44163","59927"
"South Carolina",2014,"140000","230900","11.1","3.2","86.1","26.3","45238","61903"
"South Carolina",2015,"148600","242400","11.0","3.2","86.3","26.8","47238","64352"
"South Dakota",2006,"112600","169500","9.3","1.0","88.3","24.8","42791","54460"
"South Dakota",2007,"118700","180200","9.9","1.0","88.2","25","43424","54972"
"South Dakota",2008,"126200","190800","10.3","1.1","90.3","25.1","46032","60081"
"South Dakota",2009,"126200","191000","10.6","1.6","89.9","25.1","45043","58664"
"South Dakota",2010,"129700","193000","10.8","0.9","89.6","26.3","45904","59391"
"South Dakota",2011,"131400","197100","10.5","1.1","90.6","26.3","48321","61224"
"South Dakota",2012,"134300","209000","11.0","1.3","90.5","26.3","48362","62807"
"South Dakota",2013,"138400","209400","11.1","1.0","91.6","26.6","48947","64346"
"South Dakota",2014,"142300","219000","10.4","1.1","91.7","27.8","50979","66580"
"South Dakota",2015,"152800","234200","10.4","1.2","91.1","27.5","53017","68723"
"Tennessee",2006,"123100","189100","12.6","2.4","80.9","21.7","40315","54669"
"Tennessee",2007,"130800","200000","12.7","2.3","81.4","21.8","42367","58164"
"Tennessee",2008,"138600","218600","12.5","2.2","83","22.9","43614","59975"
"Tennessee",2009,"137300","215400","12.5","2.5","83.1","23","41725","56790"
"Tennessee",2010,"139000","219100","12.7","2.4","83.6","23.1","41461","56835"
"Tennessee",2011,"138300","217200","13.1","2.3","84.2","23.6","41693","58400"
"Tennessee",2012,"137800","218000","13.0","2.3","85.1","24.3","42764","59547"
"Tennessee",2013,"140300","222100","12.7","2.3","85.6","24.8","44297","62157"
"Tennessee",2014,"142900","227900","12.6","2.4","85.8","25.3","44361","62734"
"Tennessee",2015,"150600","238700","12.8","2.2","86.1","25.7","47275","66009"
"Texas",2006,"114000","174500","10.7","2.9","78.6","24.7","44922","62421"
"Texas",2007,"120900","186500","10.6","2.7","79.1","25.2","47548","66392"
"Texas",2008,"126800","197500","10.7","2.7","79.6","25.3","50043","69324"
"Texas",2009,"125800","199000","10.7","2.8","79.9","25.5","48259","67134"
"Texas",2010,"128100","201000","11.0","2.8","80.7","25.9","48615","66756"
"Texas",2011,"127700","202700","11.0","2.7","81.1","26.4","49392","68936"
"Texas",2012,"129200","205900","11.0","2.8","81.4","26.7","50740","70730"
"Texas",2013,"132000","216300","10.8","2.7","81.9","27.5","51704","73422"
"Texas",2014,"139600","229700","10.9","2.6","82.2","27.8","53035","75557"
"Texas",2015,"152000","249800","10.8","2.5","82.4","28.4","55653","78862"
"Utah",2006,"188500","279500","8.9","1.3","90.2","28.6","51309","63807"
"Utah",2007,"218700","328800","9.0","1.2","90.2","28.7","55109","69014"
"Utah",2008,"236000","342300","9.4","1.3","90.4","29.1","56633","71271"
"Utah",2009,"224700","315500","9.2","1.5","90.4","28.5","55117","69025"
"Utah",2010,"217200","299300","8.8","1.4","90.6","29.3","54744","68176"
"Utah",2011,"207500","293900","9.4","1.6","90.3","29.7","55869","69550"
"Utah",2012,"199700","287300","9.5","1.7","91.0","30.7","57049","71875"
"Utah",2013,"211400","300900","9.4","1.6","91.5","31.3","59770","75223"
"Utah",2014,"223200","323400","9.1","1.5","91.4","31.1","60922","77413"
"Utah",2015,"234600","338900","9.4","1.6","91.5","31.8","62912","79860"
"Vermont",2006,"193000","279700","12.0","1.6","89.8","32.4","47665","60060"
"Vermont",2007,"205400","296800","12.1","1.4","90.3","33.6","49907","63922"
"Vermont",2008,"214700","300200","12.6","1.3","90.6","32.1","52104","66463"
"Vermont",2009,"216300","303100","11.6","1.2","91","33.1","51618","64907"
"Vermont",2010,"216800","308700","11.9","1.3","91.0","33.6","49406","63768"
"Vermont",2011,"213700","300600","12.0","1.1","91.8","35.4","52776","67201"
"Vermont",2012,"216900","298900","12.1","1.4","91.7","35.8","52977","68644"
"Vermont",2013,"218300","313000","12.4","1.3","91.5","35.7","52578","69770"
"Vermont",2014,"214600","305900","12.3","1.2","92.0","34.9","54166","69973"
"Vermont",2015,"223700","322800","12.8","1.0","91.7","36.9","56990","74502"
"Virginia",2006,"244200","452200","9.7","2.8","85.4","32.7","56277","75764"
"Virginia",2007,"262100","459800","9.5","2.6","85.9","33.6","59562","79711"
"Virginia",2008,"269600","438800","9.6","2.6","85.9","33.7","61233","82962"
"Virginia",2009,"252600","402700","9.6","2.7","86.6","34","59330","80389"
"Virginia",2010,"249100","396700","10.0","2.6","86.5","34.2","60674","81608"
"Virginia",2011,"243100","387200","10.1","2.6","87.8","35.1","61882","84041"
"Virginia",2012,"237800","387900","10.2","2.4","87.9","35.5","61741","84641"
"Virginia",2013,"239300","394800","10.2","2.6","88.4","36.1","62666","86618"
"Virginia",2014,"247800","411200","10.1","2.4","88.5","36.7","64902","88457"
"Virginia",2015,"257800","424300","10.5","2.5","88.9","37","66262","90556"
"Washington",2006,"267600","405700","12.3","1.7","89","30.5","52583","68557"
"Washington",2007,"300800","451900","12.1","1.7","89.3","30.3","55591","72751"
"Washington",2008,"308100","460700","12.5","1.6","89.6","30.7","58078","75450"
"Washington",2009,"287200","426300","12.1","1.8","89.7","31","56548","73080"
"Washington",2010,"271800","398000","11.9","1.8","89.8","31.1","55631","71739"
"Washington",2011,"256300","382100","12.4","1.7","90.1","31.9","56835","74186"
"Washington",2012,"243000","371500","12.3","1.7","90.4","31.7","57573","75819"
"Washington",2013,"250800","383500","12.2","1.7","90.1","32.7","58405","78093"
"Washington",2014,"266200","400000","12.0","1.6","90.4","33.1","61366","81218"
"Washington",2015,"284000","437500","12.1","1.5","90.8","34.2","64129","85653"
"West Virginia",2006,"89700","147600","11.5","1.4","81","16.5","35059","46402"
"West Virginia",2007,"96000","161800","11.6","1.6","81.2","17.3","37060","49060"
"West Virginia",2008,"95900","167100","12.1","1.8","82.2","17.1","37989","50166"
"West Virginia",2009,"94500","163500","12.1","1.7","82.8","17.3","37435","50674"
"West Virginia",2010,"95100","167100","12.9","1.6","83.2","17.5","38218","50574"
"West Virginia",2011,"99300","168100","12.9","2.0","84.2","18.5","38482","53269"
"West Virginia",2012,"100400","168500","13.3","1.5","84.5","18.6","40196","53889"
"West Virginia",2013,"103200","170800","13.2","1.6","84.6","18.9","41253","55787"
"West Virginia",2014,"103900","171500","13.3","1.7","85.2","19.2","41059","54877"
"West Virginia",2015,"112100","182000","14.0","1.6","86","19.6","42019","56568"
"Wisconsin",2006,"163500","234800","9.8","1.2","88.4","25.1","48772","60859"
"Wisconsin",2007,"168800","240500","10.0","1.2","89","25.4","50578","63726"
"Wisconsin",2008,"173300","251800","10.0","1.1","89.6","25.7","52094","65937"
"Wisconsin",2009,"170800","248900","10.0","1.1","89.8","25.7","49993","63595"
"Wisconsin",2010,"169400","247400","10.8","1.1","90.1","26.3","49001","62376"
"Wisconsin",2011,"166700","242700","10.5","1.2","90.4","26.5","50395","64439"
"Wisconsin",2012,"165200","240100","11.0","1.2","90.7","27.1","51059","66021"
"Wisconsin",2013,"163000","241000","10.7","1.0","90.9","27.7","51467","67292"
"Wisconsin",2014,"164700","244900","11.0","1.1","91.4","28.4","52622","68953"
"Wisconsin",2015,"168300","250900","10.7","1.1","91.4","28.4","55638","72099"
"Wyoming",2006,"148900","220700","13.2","1.3","90.2","22.7","47423","59583"
"Wyoming",2007,"172300","249300","13.0","1.5","91.2","23.4","51731","67721"
"Wyoming",2008,"188200","279800","12.6","1.3","91.7","23.6","53207","69976"
"Wyoming",2009,"184000","268000","11.6","1.1","91.8","23.8","52664","65931"
"Wyoming",2010,"180100","260600","12.4","1.6","92.3","24.1","53512","66710"
"Wyoming",2011,"179900","256700","12.9","1.3","92.0","24.7","56322","68886"
"Wyoming",2012,"187400","279200","12.8","1.8","91.7","24.7","54901","68218"
"Wyoming",2013,"195500","286400","12.1","1.8","93.5","26.6","58752","71780"
"Wyoming",2014,"201000","289900","14.0","1.3","92.6","26.6","57055","72305"
"Wyoming",2015,"212500","294700","12.1","1.4","92.2","26.2","60214","76934"
